{
  "string": [
    {
      "name": "module_desc",
      "value": "module description"
    },
    {
      "name": "EntryAbility_desc",
      "value": "description"
    },
    {
      "name": "EntryAbility_label",
      "value": "label"
    },
    {
      "name": "permission_reason_calendar",
      "value": "use calendar reason"
    },
    {
      "name": "permission_reason_camera",
      "value": "use"
    },
    {
      "name": "permission_reason_microphone",
      "value": "use"
    },
    {
      "name": "permission_reason_contact",
      "value": "use"
    },
    {
      "name": "permission_reason_imageVideo",
      "value": "use"
    },
    {
      "name": "permission_reason_notification",
      "value": "use"
    },
    {
      "name": "permission_reason_location",
      "value": "use"
    }
  ]
}